,Quantity,Price,Total
Observaciones,519231.0,519231.0,519231.0
Media,10.2529,3.2599,18.872
Mediana,4.0,2.08,9.9
Moda,1.0,1.25,15.0
Mínimo,1.0,0.04,0.06
Primer cuartil (Q1),1.0,1.25,3.9
Tercer cuartil (Q3),11.0,4.13,17.7
Rango intercuartílico (IQR),10.0,2.88,13.8
Máximo,4800.0,649.5,7144.72
Rango,4799.0,649.46,7144.66
Varianza,1365.1781,17.6159,3981.7106
Desviación estándar,36.9483,4.1971,63.1008
Coeficiente de variación (%),360.3691,128.7492,334.3612
Asimetría,33.4277,20.3733,30.2834
