,Unidades,Facturas,PrecioMediano,Ingreso
Observaciones,3790.0,3790.0,3790.0,3790.0
Media,1404.6515,135.6259,3.4728,2585.4754
Mediana,404.5,69.0,2.08,710.225
Mínimo,1.0,1.0,0.04,0.42
Primer cuartil (Q1),65.25,18.0,1.0,142.92
Tercer cuartil (Q3),1437.75,170.0,4.13,2270.6725
Rango intercuartílico (IQR),1372.5,152.0,3.13,2127.7525
Máximo,56476.0,2250.0,165.0,169901.19
Rango,56475.0,2249.0,164.96,169900.77
Varianza,9707852.6816,37875.7154,45.5679,40696460.5659
Desviación estándar,3115.7427,194.6168,6.7504,6379.3778
Coeficiente de variación (%),221.8161,143.4954,194.3779,246.7391
Asimetría,7.1394,3.3641,13.7666,9.78
