Country,Porcentaje,Ingreso
United Kingdom,84.7999,8309497.14
Netherlands,2.893,283479.54
EIRE,2.6702,261649.81
Germany,2.0647,202322.44
France,1.8659,182834.59
Australia,1.3994,137124.05
Switzerland,0.538,52717.45
Spain,0.5135,50314.12
Japan,0.38,37235.2
Belgium,0.3757,36813.69
Sweden,0.3716,36410.83
Norway,0.3298,32319.31
Portugal,0.2709,26548.24
Channel Islands,0.2041,19997.54
Finland,0.1872,18344.88
Denmark,0.1845,18081.24
Italy,0.1591,15586.74
Cyprus,0.1288,12620.22
Hong Kong,0.0994,9744.19
Austria,0.0892,8742.68
Israel,0.083,8129.41
Poland,0.0705,6909.85
Greece,0.0452,4425.52
Iceland,0.044,4310.0
Canada,0.0318,3115.44
Malta,0.0207,2030.79
United Arab Emirates,0.019,1864.78
USA,0.0177,1730.92
Lebanon,0.0173,1693.88
Lithuania,0.017,1661.06
Brazil,0.0117,1143.6
RSA,0.0102,1002.31
Singapore,0.0102,999.26
Bahrain,0.0077,754.14
Czech Republic,0.0077,750.98
Saudi Arabia,0.0015,145.92
